Method,Job,AnalyzeLaunchVariance,EvaluateOverhead,MaxAbsoluteError,MaxRelativeError,MinInvokeCount,MinIterationTime,OutlierMode,Affinity,EnvironmentVariables,Jit,LargeAddressAware,Platform,PowerPlanMode,Runtime,AllowVeryLargeObjects,Concurrent,CpuGroups,Force,HeapAffinitizeMask,HeapCount,NoAffinitize,RetainVm,Server,Arguments,BuildConfiguration,Clock,EngineFactory,NuGetReferences,Toolchain,IsMutator,InvocationCount,IterationCount,IterationTime,LaunchCount,MaxIterationCount,MaxWarmupIterationCount,MemoryRandomization,MinIterationCount,MinWarmupIterationCount,RunStrategy,UnrollFactor,WarmupCount,TileCount,Mean,Error,StdDev,Ratio,RatioSD,Gen0,Gen1,Allocated,Alloc Ratio
RenderThread_1_Original_SyncIngestion,Job-HKQCAU,False,Default,Default,Default,Default,Default,Default,111111111111111111111111,Empty,RyuJit,Default,X64,8c5e7fda-e8bf-4a96-9a85-a6e23a8c635c,.NET 10.0,False,True,False,True,Default,Default,False,False,False,Default,Default,Default,Default,Default,InProcessEmitToolchain,Default,Default,6,Default,1,Default,Default,Default,Default,Default,Default,16,3,5,6.589 μs,1.7119 μs,0.6105 μs,1.01,0.12,1.4114,0.0992,23640 B,1.00
RenderThread_2_Fabian_AsyncPreSynced,Job-HKQCAU,False,Default,Default,Default,Default,Default,Default,111111111111111111111111,Empty,RyuJit,Default,X64,8c5e7fda-e8bf-4a96-9a85-a6e23a8c635c,.NET 10.0,False,True,False,True,Default,Default,False,False,False,Default,Default,Default,Default,Default,InProcessEmitToolchain,Default,Default,6,Default,1,Default,Default,Default,Default,Default,Default,16,3,5,1.230 μs,0.0933 μs,0.0333 μs,0.19,0.02,0.0000,0.0000,0 B,0.00
RenderThread_3_Refactored_StagedAsyncPreSynced,Job-HKQCAU,False,Default,Default,Default,Default,Default,Default,111111111111111111111111,Empty,RyuJit,Default,X64,8c5e7fda-e8bf-4a96-9a85-a6e23a8c635c,.NET 10.0,False,True,False,True,Default,Default,False,False,False,Default,Default,Default,Default,Default,InProcessEmitToolchain,Default,Default,6,Default,1,Default,Default,Default,Default,Default,Default,16,3,5,1.441 μs,0.3407 μs,0.1215 μs,0.22,0.02,0.0000,0.0000,0 B,0.00
Ingestion_1_Original_Sequential,Job-HKQCAU,False,Default,Default,Default,Default,Default,Default,111111111111111111111111,Empty,RyuJit,Default,X64,8c5e7fda-e8bf-4a96-9a85-a6e23a8c635c,.NET 10.0,False,True,False,True,Default,Default,False,False,False,Default,Default,Default,Default,Default,InProcessEmitToolchain,Default,Default,6,Default,1,Default,Default,Default,Default,Default,Default,16,3,5,5.233 μs,0.8008 μs,0.2856 μs,0.80,0.08,1.0300,0.0534,17320 B,0.73
Ingestion_2_Fabian_Parallel_LockContention,Job-HKQCAU,False,Default,Default,Default,Default,Default,Default,111111111111111111111111,Empty,RyuJit,Default,X64,8c5e7fda-e8bf-4a96-9a85-a6e23a8c635c,.NET 10.0,False,True,False,True,Default,Default,False,False,False,Default,Default,Default,Default,Default,InProcessEmitToolchain,Default,Default,6,Default,1,Default,Default,Default,Default,Default,Default,16,3,5,38.145 μs,6.0223 μs,2.1476 μs,5.83,0.56,1.2817,0.0610,21270 B,0.90
Ingestion_3_Refactored_Parallel_LockFreeQueue,Job-HKQCAU,False,Default,Default,Default,Default,Default,Default,111111111111111111111111,Empty,RyuJit,Default,X64,8c5e7fda-e8bf-4a96-9a85-a6e23a8c635c,.NET 10.0,False,True,False,True,Default,Default,False,False,False,Default,Default,Default,Default,Default,InProcessEmitToolchain,Default,Default,6,Default,1,Default,Default,Default,Default,Default,Default,16,3,5,23.716 μs,1.5882 μs,0.5664 μs,3.62,0.31,1.6785,0.1221,27973 B,1.18
Pipeline_1_Original_WorkerGen_RenderSync,Job-HKQCAU,False,Default,Default,Default,Default,Default,Default,111111111111111111111111,Empty,RyuJit,Default,X64,8c5e7fda-e8bf-4a96-9a85-a6e23a8c635c,.NET 10.0,False,True,False,True,Default,Default,False,False,False,Default,Default,Default,Default,Default,InProcessEmitToolchain,Default,Default,6,Default,1,Default,Default,Default,Default,Default,Default,16,3,5,44.849 μs,4.5824 μs,1.1900 μs,6.85,0.58,7.3242,1.3428,117184 B,4.96
Pipeline_2_Fabian_AsyncGenAndSync_Lock,Job-HKQCAU,False,Default,Default,Default,Default,Default,Default,111111111111111111111111,Empty,RyuJit,Default,X64,8c5e7fda-e8bf-4a96-9a85-a6e23a8c635c,.NET 10.0,False,True,False,True,Default,Default,False,False,False,Default,Default,Default,Default,Default,InProcessEmitToolchain,Default,Default,6,Default,1,Default,Default,Default,Default,Default,Default,16,3,5,23.314 μs,5.7058 μs,2.0347 μs,3.56,0.41,7.8430,0.6409,110815 B,4.69
Pipeline_3_Refactored_AsyncGenAndSync_Staged,Job-HKQCAU,False,Default,Default,Default,Default,Default,Default,111111111111111111111111,Empty,RyuJit,Default,X64,8c5e7fda-e8bf-4a96-9a85-a6e23a8c635c,.NET 10.0,False,True,False,True,Default,Default,False,False,False,Default,Default,Default,Default,Default,InProcessEmitToolchain,Default,Default,6,Default,1,Default,Default,Default,Default,Default,Default,16,3,5,23.635 μs,3.1777 μs,1.1332 μs,3.61,0.34,7.9956,0.7935,117079 B,4.95
RenderThread_1_Original_SyncIngestion,Job-HKQCAU,False,Default,Default,Default,Default,Default,Default,111111111111111111111111,Empty,RyuJit,Default,X64,8c5e7fda-e8bf-4a96-9a85-a6e23a8c635c,.NET 10.0,False,True,False,True,Default,Default,False,False,False,Default,Default,Default,Default,Default,InProcessEmitToolchain,Default,Default,6,Default,1,Default,Default,Default,Default,Default,Default,16,3,20,21.159 μs,2.4928 μs,0.8889 μs,1.00,0.05,4.0283,0.5493,67592 B,1.00
RenderThread_2_Fabian_AsyncPreSynced,Job-HKQCAU,False,Default,Default,Default,Default,Default,Default,111111111111111111111111,Empty,RyuJit,Default,X64,8c5e7fda-e8bf-4a96-9a85-a6e23a8c635c,.NET 10.0,False,True,False,True,Default,Default,False,False,False,Default,Default,Default,Default,Default,InProcessEmitToolchain,Default,Default,6,Default,1,Default,Default,Default,Default,Default,Default,16,3,20,5.410 μs,0.6644 μs,0.2369 μs,0.26,0.01,0.0000,0.0000,0 B,0.00
RenderThread_3_Refactored_StagedAsyncPreSynced,Job-HKQCAU,False,Default,Default,Default,Default,Default,Default,111111111111111111111111,Empty,RyuJit,Default,X64,8c5e7fda-e8bf-4a96-9a85-a6e23a8c635c,.NET 10.0,False,True,False,True,Default,Default,False,False,False,Default,Default,Default,Default,Default,InProcessEmitToolchain,Default,Default,6,Default,1,Default,Default,Default,Default,Default,Default,16,3,20,5.454 μs,0.5260 μs,0.1876 μs,0.26,0.01,0.0000,0.0000,0 B,0.00
Ingestion_1_Original_Sequential,Job-HKQCAU,False,Default,Default,Default,Default,Default,Default,111111111111111111111111,Empty,RyuJit,Default,X64,8c5e7fda-e8bf-4a96-9a85-a6e23a8c635c,.NET 10.0,False,True,False,True,Default,Default,False,False,False,Default,Default,Default,Default,Default,InProcessEmitToolchain,Default,Default,6,Default,1,Default,Default,Default,Default,Default,Default,16,3,20,18.248 μs,1.2121 μs,0.4322 μs,0.86,0.04,2.5024,0.2136,42328 B,0.63
Ingestion_2_Fabian_Parallel_LockContention,Job-HKQCAU,False,Default,Default,Default,Default,Default,Default,111111111111111111111111,Empty,RyuJit,Default,X64,8c5e7fda-e8bf-4a96-9a85-a6e23a8c635c,.NET 10.0,False,True,False,True,Default,Default,False,False,False,Default,Default,Default,Default,Default,InProcessEmitToolchain,Default,Default,6,Default,1,Default,Default,Default,Default,Default,Default,16,3,20,121.259 μs,15.0225 μs,5.3572 μs,5.74,0.32,2.8076,0.2441,46854 B,0.69
Ingestion_3_Refactored_Parallel_LockFreeQueue,Job-HKQCAU,False,Default,Default,Default,Default,Default,Default,111111111111111111111111,Empty,RyuJit,Default,X64,8c5e7fda-e8bf-4a96-9a85-a6e23a8c635c,.NET 10.0,False,True,False,True,Default,Default,False,False,False,Default,Default,Default,Default,Default,InProcessEmitToolchain,Default,Default,6,Default,1,Default,Default,Default,Default,Default,Default,16,3,20,62.445 μs,1.8692 μs,0.4854 μs,2.96,0.11,4.3945,0.6104,71324 B,1.06
Pipeline_1_Original_WorkerGen_RenderSync,Job-HKQCAU,False,Default,Default,Default,Default,Default,Default,111111111111111111111111,Empty,RyuJit,Default,X64,8c5e7fda-e8bf-4a96-9a85-a6e23a8c635c,.NET 10.0,False,True,False,True,Default,Default,False,False,False,Default,Default,Default,Default,Default,InProcessEmitToolchain,Default,Default,6,Default,1,Default,Default,Default,Default,Default,Default,16,3,20,125.283 μs,7.7341 μs,2.0085 μs,5.93,0.24,26.6113,10.7422,441097 B,6.53
Pipeline_2_Fabian_AsyncGenAndSync_Lock,Job-HKQCAU,False,Default,Default,Default,Default,Default,Default,111111111111111111111111,Empty,RyuJit,Default,X64,8c5e7fda-e8bf-4a96-9a85-a6e23a8c635c,.NET 10.0,False,True,False,True,Default,Default,False,False,False,Default,Default,Default,Default,Default,InProcessEmitToolchain,Default,Default,6,Default,1,Default,Default,Default,Default,Default,Default,16,3,20,90.775 μs,11.7530 μs,4.1912 μs,4.30,0.25,28.3203,4.7607,410118 B,6.07
Pipeline_3_Refactored_AsyncGenAndSync_Staged,Job-HKQCAU,False,Default,Default,Default,Default,Default,Default,111111111111111111111111,Empty,RyuJit,Default,X64,8c5e7fda-e8bf-4a96-9a85-a6e23a8c635c,.NET 10.0,False,True,False,True,Default,Default,False,False,False,Default,Default,Default,Default,Default,InProcessEmitToolchain,Default,Default,6,Default,1,Default,Default,Default,Default,Default,Default,16,3,20,84.051 μs,10.8767 μs,3.8787 μs,3.98,0.23,30.5176,6.1035,435143 B,6.44
RenderThread_1_Original_SyncIngestion,Job-HKQCAU,False,Default,Default,Default,Default,Default,Default,111111111111111111111111,Empty,RyuJit,Default,X64,8c5e7fda-e8bf-4a96-9a85-a6e23a8c635c,.NET 10.0,False,True,False,True,Default,Default,False,False,False,Default,Default,Default,Default,Default,InProcessEmitToolchain,Default,Default,6,Default,1,Default,Default,Default,Default,Default,Default,16,3,50,48.504 μs,10.1451 μs,3.6178 μs,1.00,0.10,7.4463,1.4648,125408 B,1.00
RenderThread_2_Fabian_AsyncPreSynced,Job-HKQCAU,False,Default,Default,Default,Default,Default,Default,111111111111111111111111,Empty,RyuJit,Default,X64,8c5e7fda-e8bf-4a96-9a85-a6e23a8c635c,.NET 10.0,False,True,False,True,Default,Default,False,False,False,Default,Default,Default,Default,Default,InProcessEmitToolchain,Default,Default,6,Default,1,Default,Default,Default,Default,Default,Default,16,3,50,13.279 μs,1.4810 μs,0.5281 μs,0.27,0.02,0.0000,0.0000,0 B,0.00
RenderThread_3_Refactored_StagedAsyncPreSynced,Job-HKQCAU,False,Default,Default,Default,Default,Default,Default,111111111111111111111111,Empty,RyuJit,Default,X64,8c5e7fda-e8bf-4a96-9a85-a6e23a8c635c,.NET 10.0,False,True,False,True,Default,Default,False,False,False,Default,Default,Default,Default,Default,InProcessEmitToolchain,Default,Default,6,Default,1,Default,Default,Default,Default,Default,Default,16,3,50,13.582 μs,3.0276 μs,0.7863 μs,0.28,0.02,0.0000,0.0000,0 B,0.00
Ingestion_1_Original_Sequential,Job-HKQCAU,False,Default,Default,Default,Default,Default,Default,111111111111111111111111,Empty,RyuJit,Default,X64,8c5e7fda-e8bf-4a96-9a85-a6e23a8c635c,.NET 10.0,False,True,False,True,Default,Default,False,False,False,Default,Default,Default,Default,Default,InProcessEmitToolchain,Default,Default,6,Default,1,Default,Default,Default,Default,Default,Default,16,3,50,48.227 μs,7.9120 μs,2.8215 μs,1.00,0.08,4.4556,0.5493,75312 B,0.60
Ingestion_2_Fabian_Parallel_LockContention,Job-HKQCAU,False,Default,Default,Default,Default,Default,Default,111111111111111111111111,Empty,RyuJit,Default,X64,8c5e7fda-e8bf-4a96-9a85-a6e23a8c635c,.NET 10.0,False,True,False,True,Default,Default,False,False,False,Default,Default,Default,Default,Default,InProcessEmitToolchain,Default,Default,6,Default,1,Default,Default,Default,Default,Default,Default,16,3,50,330.967 μs,61.0720 μs,15.8602 μs,6.85,0.54,4.8828,0.4883,81413 B,0.65
Ingestion_3_Refactored_Parallel_LockFreeQueue,Job-HKQCAU,False,Default,Default,Default,Default,Default,Default,111111111111111111111111,Empty,RyuJit,Default,X64,8c5e7fda-e8bf-4a96-9a85-a6e23a8c635c,.NET 10.0,False,True,False,True,Default,Default,False,False,False,Default,Default,Default,Default,Default,InProcessEmitToolchain,Default,Default,6,Default,1,Default,Default,Default,Default,Default,Default,16,3,50,168.790 μs,14.3202 μs,3.7189 μs,3.50,0.24,7.8125,1.4648,130092 B,1.04
Pipeline_1_Original_WorkerGen_RenderSync,Job-HKQCAU,False,Default,Default,Default,Default,Default,Default,111111111111111111111111,Empty,RyuJit,Default,X64,8c5e7fda-e8bf-4a96-9a85-a6e23a8c635c,.NET 10.0,False,True,False,True,Default,Default,False,False,False,Default,Default,Default,Default,Default,InProcessEmitToolchain,Default,Default,6,Default,1,Default,Default,Default,Default,Default,Default,16,3,50,297.900 μs,38.6926 μs,13.7981 μs,6.17,0.48,62.9883,29.7852,1058834 B,8.44
Pipeline_2_Fabian_AsyncGenAndSync_Lock,Job-HKQCAU,False,Default,Default,Default,Default,Default,Default,111111111111111111111111,Empty,RyuJit,Default,X64,8c5e7fda-e8bf-4a96-9a85-a6e23a8c635c,.NET 10.0,False,True,False,True,Default,Default,False,False,False,Default,Default,Default,Default,Default,InProcessEmitToolchain,Default,Default,6,Default,1,Default,Default,Default,Default,Default,Default,16,3,50,310.315 μs,52.8323 μs,18.8405 μs,6.43,0.55,68.3594,17.0898,990696 B,7.90
Pipeline_3_Refactored_AsyncGenAndSync_Staged,Job-HKQCAU,False,Default,Default,Default,Default,Default,Default,111111111111111111111111,Empty,RyuJit,Default,X64,8c5e7fda-e8bf-4a96-9a85-a6e23a8c635c,.NET 10.0,False,True,False,True,Default,Default,False,False,False,Default,Default,Default,Default,Default,InProcessEmitToolchain,Default,Default,6,Default,1,Default,Default,Default,Default,Default,Default,16,3,50,300.052 μs,23.2933 μs,8.3066 μs,6.21,0.43,72.7539,20.9961,1040697 B,8.30
